"legacy_code","current_code","chogan_name","category","subcategory","reference_brand","reference_perfume","verification_status","match_confidence","notes","type","price","gender_category","head_note","heart_note","base_note","product_url","match_reasoning","source_url","match_method"
"006","006W","Addiction - Perfume for Her","Women","Women perfumes inspired by","Yves Saint Laurent","Opium","Legacy code / current code found","Confirmed","","Perfume","35,00 €","Women","Bergamot, Lily-of-the-Valley, Mandarin Orange","Jasmine, Myrrh","Amber, Opoponax, Patchouli, Vanilla","https://www.chogangroupspa.com/chogangroup/productDetail/11751","","","Normalized code (suffix / leading zero)"
"007","007W","Pure Gold - Perfume for Her","Women","Women perfumes inspired by","Dior","J'adore","Legacy code / current code found","Confirmed","Popular","Perfume","35,00 €","Women","Bergamot, Magnolia, Mandarin Orange, Melon, Pear, Quandong Desert Peach","Freesia, Jasmine, Lily-of-the-Valley, Orchid, Plum, Rose, Tuberose, Violet","Blackberry, Cedar, Musk, Vanilla","https://www.chogangroupspa.com/chogangroup/productDetail/11766","","","Normalized code (suffix / leading zero)"
"010","010W","Stranger - Perfume for Her","Women","Women perfumes inspired by","Thierry Mugler","Alien","Legacy code / current code found","Confirmed","Popular","Perfume","35,00 €","Women","Jasmine","Woody Notes","White Amber","https://www.chogangroupspa.com/chogangroup/productDetail/11786","","","Normalized code (suffix / leading zero)"
"011","011W","Aqua Soul for Her - Perfume","Women","Women perfumes inspired by","Dolce & Gabbana","Light Blue","Legacy code / current code found","Confirmed","","Perfume","35,00 €","Women","Apple, Bellflower, Cedar, Lemon","Bamboo, Jasmine, Rose","Amber, Cedar, Musk","https://www.chogangroupspa.com/chogangroup/productDetail/11791","","","Normalized code (suffix / leading zero)"
"213","151W","To The Edge For Her - Perfume for Her","Women","Women perfumes inspired by","Gucci","Guilty","Needs review","Very likely","151W/To The Edge For Her looks like the newer related product, but notes differ between Guilty EDT/EDP versions; verify exact target before replacing 213.","Perfume","35,00 €","Women","Bergamot, Mandarin Orange, Pink Pepper","Black Currant, Geranium, Jasmine, Lilac, Peach","Amber, Musk, Patchouli, Vanilla","https://www.chogangroupspa.com/chogangroup/productDetail/11053","151W/To The Edge For Her looks like the newer related product, but notes differ between Guilty EDT/EDP versions; verify exact target before replacing 213.","https://www.exclusive-by-changed-nails.nl/a-105751330/chogan-olfazeta-dames-parfum/olfazeta-to-the-edge-for-her-parfum-151/","Audit mapping"
"014","014W","Statement - Perfume for Her","Women","Women perfumes inspired by","Yves Saint Laurent","Manifesto","Legacy code / current code found","Confirmed","","Perfume","35,00 €","Women","Bergamot, Black Currant, Green Notes","Jasmine, Lily-of-the-Valley","Cedarwood, Sandalwood, Tonka Bean, Vanilla","https://www.chogangroupspa.com/chogangroup/productDetail/11816","","","Normalized code (suffix / leading zero)"
"019","019W","Prestige for Her - Perfume","Women","Women perfumes inspired by","Paco Rabanne","Lady Million","Legacy code / current code found","Confirmed","Popular","Perfume","35,00 €","Women","Lemon, Neroli, Raspberry","Gardenia, Jasmine, Orange Blossom","Amber, Honey, Patchouli","https://www.chogangroupspa.com/chogangroup/productDetail/11886","","","Normalized code (suffix / leading zero)"
"023","023W","Fatale - Perfume for Her","Women","Women perfumes inspired by","Dior","Hypnotic Poison","Legacy code / current code found","Confirmed","Popular","Perfume","35,00 €","Women","Apricot, Coconut, Plum","Brazilian Rosewood, Caraway, Jasmine, Lily-of-the-Valley, Rose, Tuberose","Almond, Musk, Sandalwood, Vanilla","https://www.chogangroupspa.com/chogangroup/productDetail/11941","","","Normalized code (suffix / leading zero)"
"024","024W","The Essence - Perfume for Her","Women","Women perfumes inspired by","Chanel","Chanel N°5","Legacy code / current code found","Confirmed","","Perfume","35,00 €","Women","Aldehydes, Bergamot, Lemon, Neroli, Ylang-Ylang","Iris, Jasmine, Lily-of-the-Valley, Orris Root, Rose","Civet, Oakmoss, Patchouli, Sandalwood, Vanilla, Vetiver","https://www.chogangroupspa.com/chogangroup/productDetail/11981","","","Normalized code (suffix / leading zero)"
"025","025","Perfume for Her with 30% essence","Women","Women perfumes inspired by","Narciso Rodriguez","For Her","Confirmed","Confirmed","","Perfume","35,00 €","Women","Peach, Rose","Amber, Musk","Patchouli, Sandalwood","https://www.chogangroupspa.com/chogangroup/productDetail/9013","","","Exact code"
"026","026W","Wild Poppy - Perfume for Her","Women","Women perfumes inspired by","Kenzo","Flower","Legacy code / current code found","Confirmed","","Perfume","35,00 €","Women","Black Currant, Hawthorn, Mandarin Orange, Rose","Jasmine, Opoponax, Rose, Violet","Incense, Musk, Vanilla","https://www.chogangroupspa.com/chogangroup/productDetail/12001","","","Normalized code (suffix / leading zero)"
"027","027W","L'Amour Rare - Perfume for Her","Women","Women perfumes inspired by","Lancôme","Tresor","Legacy code / current code found","Confirmed","","Perfume","35,00 €","Women","Apricot Blossom, Bergamot, Lilac, Lily-of-the-Valley, Peach, Pineapple, Rose","Heliotrope, Iris, Jasmine, Rose","Amber, Apricot, Musk, Peach, Sandalwood, Vanilla","https://www.chogangroupspa.com/chogangroup/productDetail/12016","","","Normalized code (suffix / leading zero)"
"028","028W","Etherea - Perfume for Her","Women","Women perfumes inspired by","Thierry Mugler","Angel","Legacy code / current code found","Confirmed","","Perfume","35,00 €","Women","Bergamot, Black Currant, Coconut, Cotton Candy, Jasmine, Mandarin Orange, Melon, Pineapple","Apricot, Blackberry, Caraway, Honey, Jasmine, Lily-of-the-Valley, Nutmeg, Orchid, Peach, Plum, Red Berries, Rose","Amber, Caramel, Dark Chocolate, Musk, Patchouli, Sandalwood, Tonka Bean, Vanilla","https://www.chogangroupspa.com/chogangroup/productDetail/12031","","","Normalized code (suffix / leading zero)"
"029","029W","Rêve Parisien - Perfume for Her","Women","Women perfumes inspired by","Issey Miyake","L'eau d'Issey","Legacy code / current code found","Confirmed","","Perfume","35,00 €","Women","Calone, Cyclamen, Freesia, Lotus, Melon, Rose","Carnation, Lily, Lily-of-the-Valley, Peony","Amber, Cedar, Musk, Osmanthus, Sandalwood, Tuberose, Woody Notes","https://www.chogangroupspa.com/chogangroup/productDetail/12046","","","Normalized code (suffix / leading zero)"
"039","039W","Darling - Perfume for Her","Women","Women perfumes inspired by","Dior","Miss Dior Cherie","Legacy code / current code found","Confirmed","","Perfume","35,00 €","Women","Mandarin Orange, Wild Strawberry","Jasmine, Rose","Amber, Oakmoss, Patchouli, Sandalwood, Vetiver","https://www.chogangroupspa.com/chogangroup/productDetail/12136","","","Normalized code (suffix / leading zero)"
"040","040","Perfume for Her with 30% essence","Women","Women perfumes inspired by","Lancôme","Hypnose","Confirmed","Confirmed","","Perfume","35,00 €","Women","Passion Flower","Gardenia, Jasmine","Vanilla, Vetiver","https://www.chogangroupspa.com/chogangroup/productDetail/9039","","","Exact code"
"241","153W","Rose Dust - Perfume for Her","Women","Women perfumes inspired by","Chloé","Chloe","Legacy code / current code found","Confirmed","Current 153W/Rose Dust has the exact Chloé EDP style pyramid: peony/freesia/lychee; rose/lily-of-the-valley/magnolia; amber/cedar.","Perfume","35,00 €","Women","Freesia, Litchi, Peony","Lily-of-the-Valley, Magnolia, Rose","Amber, Cedarwood","https://www.chogangroupspa.com/chogangroup/productDetail/10993","Current 153W/Rose Dust has the exact Chloé EDP style pyramid: peony/freesia/lychee; rose/lily-of-the-valley/magnolia; amber/cedar.","https://www.fragrantica.com/perfume/Chloe/Chloe-Lisy-5838.html","Audit mapping"
"042","042W","Bonheur Supreme - Perfume for Her","Women","Women perfumes inspired by","Lancôme","La Vie Est Belle","Legacy code / current code found","Confirmed","Popular","Perfume","35,00 €","Women","Black Currant, Pear","Iris, Jasmine, Orange Blossom","Patchouli, Praline, Tonka Bean, Vanilla","https://www.chogangroupspa.com/chogangroup/productDetail/12166","","","Normalized code (suffix / leading zero)"
"243","154W","Liaison Rose - Perfume for Her","Women","Women perfumes inspired by","Chloé","Love Chloe","Likely correct","Very likely","154W/Liaison Rose has Love Chloé’s distinctive powdery floral/rice-musk structure: orange blossom/pink pepper; heliotrope/hyacinth/iris/lilac/wisteria; musk/powdery notes/rice.","Perfume","35,00 €","Women","Orange Blossom, Pink Pepper","Heliotrope, Hyacinth, Iris, Lilac, Wisteria","Musk, Powdery Notes, Rice","https://www.chogangroupspa.com/chogangroup/productDetail/11008","154W/Liaison Rose has Love Chloé’s distinctive powdery floral/rice-musk structure: orange blossom/pink pepper; heliotrope/hyacinth/iris/lilac/wisteria; musk/powdery notes/rice.","https://www.fragrantica.com/news/Love-Purse-Spray-by-Chloe-2994.html","Audit mapping"
"047","047W","Night Gem - Perfume for Her","Women","Women perfumes inspired by","Versace","Crystal Noir","Legacy code / current code found","Confirmed","","Perfume","35,00 €","Women","Cardamom, Ginger, Pepper","Coconut, Gardenia, Orange Blossom, Peony","Amber, Musk, Sandalwood","https://www.chogangroupspa.com/chogangroup/productDetail/12196","","","Normalized code (suffix / leading zero)"
"049","049","Perfume for Her with 30% essence","Women","Women perfumes inspired by","Dolce & Gabbana","Dolce","Confirmed","Confirmed","","Perfume","35,00 €","Women","Neroli, Papaya Blossom","Amarillys, Narcissus, Water Lily","Cashmeran, Musk","https://www.chogangroupspa.com/chogangroup/productDetail/8917","","","Exact code"
"051","051W","Miss Bijou - Perfume for Her","Women","Women perfumes inspired by","Chanel","Coco Mademoiselle","Legacy code / current code found","Confirmed","Popular","Perfume","35,00 €","Women","Bergamot, Mandarin Orange, Orange, Orange Blossom","Jasmine, Mimosa, Rose, Ylang-Ylang","Musk, Opoponax, Patchouli, Tonka Bean, Vanilla, Vetiver","https://www.chogangroupspa.com/chogangroup/productDetail/12241","","","Normalized code (suffix / leading zero)"
"053","053W","Vanité - Perfume for Her","Women","Women perfumes inspired by","Narciso Rodriguez","Narciso","Legacy code / current code found","Confirmed","","Perfume","35,00 €","Women","Bulgarian Rose, Gardenia","Musk","Cedarwood, Vetiver","https://www.chogangroupspa.com/chogangroup/productDetail/12271","","","Normalized code (suffix / leading zero)"
"055","055W","Black Addiction - Perfume for Her","Women","Women perfumes inspired by","Yves Saint Laurent","Black Opium","Legacy code / current code found","Confirmed","Popular","Perfume","35,00 €","Women","Orange Blossom, Pear, Pink Pepper","Almond, Coffee, Jasmine, Licorice","Cashmir wood, Cedar, Patchouli, Vanilla","https://www.chogangroupspa.com/chogangroup/productDetail/12301","","","Normalized code (suffix / leading zero)"
"056","056W","Light & Dark - Perfume for Her","Women","Women perfumes inspired by","Givenchy","Ange ou Demon","Legacy code / current code found","Confirmed","","Perfume","35,00 €","Women","Mandarin Orange, Saffron, Thyme","Lily, Orchid, Ylang-Ylang","Brazilian Rosewood, Oakmoss, Tonka Bean, Vanilla","https://www.chogangroupspa.com/chogangroup/productDetail/12316","","","Normalized code (suffix / leading zero)"
"057","057W","Pure Purple - Perfume for Her","Women","Women perfumes inspired by","Bulgari","Omnia Amethyste","Legacy code / current code found","Confirmed","","Perfume","35,00 €","Women","Grapefruit, Green Notes","Iris, Rose","Heliotrope, Woody Notes","https://www.chogangroupspa.com/chogangroup/productDetail/12321","","","Normalized code (suffix / leading zero)"
"063","","","Women","Women perfumes inspired by","Hugo Boss","Hugo","Confirmed","Confirmed","","Perfume","35,00 €","Women","","","","","","","Legacy entry retained"
"064","064W","Talisman - Perfume for Her","Women","Women perfumes inspired by","Bulgari","Omnia Indian Garnet","Legacy code / current code found","Confirmed","","Perfume","35,00 €","Women","Mandarin Orange, Orange, Saffron","Osmanthus, Tuberose","Amber, Woody Notes","https://www.chogangroupspa.com/chogangroup/productDetail/12376","","","Normalized code (suffix / leading zero)"
"067","067W","Victoria - Perfume for Her","Women","Women perfumes inspired by","Paco Rabanne","Olympea","Legacy code / current code found","Confirmed","","Perfume","35,00 €","Women","Ginger, Jasmine, Mandarin Orange","Salt, Vanilla","Ambergris, Cashmir wood, Sandalwood","https://www.chogangroupspa.com/chogangroup/productDetail/12391","","","Normalized code (suffix / leading zero)"
"070","070","Perfume for Her with 30% essence","Women","Women perfumes inspired by","Dolce & Gabbana","The One","Confirmed","Confirmed","","Perfume","35,00 €","Women","Bergamot, Litchi, Mandarin Orange, Peach","Jasmine, Lily, Lily-of-the-Valley, Plum","Amber, Musk, Vanilla, Vetiver","https://www.chogangroupspa.com/chogangroup/productDetail/9059","","","Exact code"
"071","071","Perfume for Her with 30% essence","Women","Women perfumes inspired by","Chanel","Allure","Confirmed","Confirmed","","Perfume","35,00 €","Women","Bergamot, Lemon, Mandarin Orange, Passionfruit, Peach","Freesia, Honeysuckle, Jasmine, Magnolia, Orange Blossom, Peony, Rose, Water Lily","Amber, Patchouli, Sandalwood, Vanilla, Vetiver","https://www.chogangroupspa.com/chogangroup/productDetail/9061","","","Exact code"
"076","076W","Deep Blue for Her - Perfume","Women","Women perfumes inspired by","Armani","Acqua di Gioia","Legacy code / current code found","Confirmed","","Perfume","35,00 €","Women","Lemon, Mint","Jasmine","Brown Sugar, Cedarwood, Labdanum","https://www.chogangroupspa.com/chogangroup/productDetail/12496","","","Normalized code (suffix / leading zero)"
"277","158W","Wild Bloom - Perfume for Her","Women","Women perfumes inspired by","Gucci","Flora","Legacy code / current code found","Confirmed","Reseller page explicitly says 158W formerly 277; notes match a fresh floral osmanthus/rose/peony profile associated with Flora.","Perfume","35,00 €","Women","Citruses, Mandarin Orange, Peony","Osmanthus, Rose","Patchouli, Pink Pepper, Sandalwood","https://www.chogangroupspa.com/chogangroup/productDetail/11023","Reseller page explicitly says 158W formerly 277; notes match a fresh floral osmanthus/rose/peony profile associated with Flora.","https://www.fragrantica.com/perfume/Gucci/Flora-by-Gucci-Eau-de-Toilette-5226.html","Audit mapping"
"080","080W","Absolutely - Perfume for Her","Women","Women perfumes inspired by","Armani","Si","Legacy code / current code found","Confirmed","Popular","Perfume","35,00 €","Women","Black Currant","Freesia, Rose","Ambroxan, Patchouli, Vanilla, Woody Notes","https://www.chogangroupspa.com/chogangroup/productDetail/12526","","","Normalized code (suffix / leading zero)"
"081","081W","Allure Éternelle - Perfume for Her","Women","Women perfumes inspired by","Jean Paul Gaultier","Classique Essence","Legacy code / current code found","Confirmed","","Perfume","35,00 €","Women","Aldehydes, Ginger, Tangerine","Jasmine, Orange Blossom","Benzoin, Cashmir wood, Cream, Vanilla, Woody Notes","https://www.chogangroupspa.com/chogangroup/productDetail/12541","","","Normalized code (suffix / leading zero)"
"082","082","Perfume for Her with 30% essence","Women","Women perfumes inspired by","Ferragamo","Signorina","Confirmed","Confirmed","","Perfume","35,00 €","Women","Pink Pepper, Red Currant","Jasmine, Peony, Rose","Musk, Patchouli","https://www.chogangroupspa.com/chogangroup/productDetail/9073","","","Exact code"
"085","085W","Serendipity - Perfume for Her","Women","Women perfumes inspired by","Chanel","Chance","Legacy code / current code found","Confirmed","","Perfume","35,00 €","Women","Hyacinth, Iris, Patchouli, Pineapple, Pink Pepper","Jasmine, Lemon, Rose","Musk, Patchouli, Vanilla, Vetiver","https://www.chogangroupspa.com/chogangroup/productDetail/12586","","","Normalized code (suffix / leading zero)"
"089","089W","Ville Lumière - Perfume for Her","Women","Women perfumes inspired by","Yves Saint Laurent","Mon Paris","Legacy code / current code found","Confirmed","","Perfume","35,00 €","Women","Bergamot, Calone, Orange, Pear, Raspberry, Tangerine, Wild Strawberry","Datura, Jasmine, Orange Blossom, Peony","Cedarwood, Musk, Oakmoss, Patchouli, Vanilla","https://www.chogangroupspa.com/chogangroup/productDetail/12631","","","Normalized code (suffix / leading zero)"
"090","090","Perfume For Her with 30% essence","Women","Women perfumes inspired by","Dior","Poison Girl","Confirmed","Confirmed","","Perfume","35,00 €","Women","Bitter Orange, Lemon","Orange Blossom, Rose","Almond, Cashmeran, Heliotrope, Sandalwood, Tolu Balsam, Tonka Bean, Vanilla","https://www.chogangroupspa.com/chogangroup/productDetail/9083","","","Exact code"
"095","159W","British Charm For Her - Perfume for Her","Women","Women perfumes inspired by","Burberry","Burberry Women","Needs review","Very likely","159W/British Charm For Her strongly matches Burberry Women’s fruit-floral-woody profile: apricot/blackcurrant/apple/peach/pear; jasmine/moss/sandalwood; cedar/musk/vanilla.","Perfume","35,00 €","Women","Apricot, Black Currant, Green Apple, Peach, Pear","Jasmine, Moss, Sandalwood","Cedarwood, Musk, Vanilla","https://www.chogangroupspa.com/chogangroup/productDetail/10948","159W/British Charm For Her strongly matches Burberry Women’s fruit-floral-woody profile: apricot/blackcurrant/apple/peach/pear; jasmine/moss/sandalwood; cedar/musk/vanilla.","https://www.google.com/search?q=%22apricot%22+%22black+currant%22+%22green+apple%22+%22Burberry+Women%22+perfume","Audit mapping"
"096","","","Women","Women perfumes inspired by","Chanel","Gabrielle","Confirmed","Confirmed","","Perfume","35,00 €","Women","","","","","","","Legacy entry retained"
"097","097","Perfume for Her with 30% essence","Women","Women perfumes inspired by","Ferragamo","Amo","Confirmed","Confirmed","","Perfume","35,00 €","Women","Black Currant, Campari, Rosemary","Jasmine, Mate, Rhubarb","Ambroxan, Sandalwood, Vanilla","https://www.chogangroupspa.com/chogangroup/productDetail/9087","","","Exact code"
"098","098","Perfume for Her with 30% essence","Women","Women perfumes inspired by","Dior","Joy","Confirmed","Confirmed","","Perfume","35,00 €","Women","Bergamot, Mandarin Orange","Black Currant, Jasmine, Peach, Rose","Benzoin, Cedarwood, Musk, Patchouli, Sandalwood","https://www.chogangroupspa.com/chogangroup/productDetail/9089","","","Exact code"
"115","115W","Icon - Perfume for Her","Women","Women perfumes inspired by","Lancôme","Idole","Legacy code / current code found","Confirmed","","Perfume","35,00 €","Women","Bergamot, Pear, Pink Pepper","Jasmine, Rose","Cedar, Musk, Patchouli, Vanilla","https://www.chogangroupspa.com/chogangroup/productDetail/12781","","","Normalized code (suffix / leading zero)"
"116","116W","Declare - Perfume for Her","Women","Women perfumes inspired by","Cacharel","Yes I Am","Legacy code / current code found","Confirmed","","Perfume","35,00 €","Women","Bergamot, Lemon, Mandarin Orange, Raspberry","Amber, Gardenia, Ginger, Jasmine, Orange Blossom, Rose","Amberwood, Benzoin, Caramel, Cardamom, Coumarin, Licorice, Milk, Sandalwood, Vanilla","https://www.chogangroupspa.com/chogangroup/productDetail/12796","","","Normalized code (suffix / leading zero)"
"119","119W","Dark Affair - Perfume for Her","Women","Women perfumes inspired by","Jean Paul Gaultier","Scandal","Legacy code / current code found","Confirmed","Popular","Perfume","35,00 €","Women","Blood Orange, Mandarin Orange","Gardenia, Honey, Jasmine, Orange Blossom, Peach","Beeswax, Caramel, Licorice, Patchouli","https://www.chogangroupspa.com/chogangroup/productDetail/12811","","","Normalized code (suffix / leading zero)"
"120","120W","Haute Couture - Perfume for Her","Women","Women perfumes inspired by","Guerlain","La Petite Robe Noire","Legacy code / current code found","Confirmed","","Perfume","35,00 €","Women","Almond, Bergamot, Red Berries, Sour Cherry","Licorice, Rose, Taif Rose, Tea","Anise, Iris, Patchouli, Tonka Bean, Vanilla","https://www.chogangroupspa.com/chogangroup/productDetail/12826","","","Normalized code (suffix / leading zero)"
"121","121W","Secret Desire - Perfume for Her","Women","Women perfumes inspired by","Givenchy","L'Interdit","Legacy code / current code found","Confirmed","Popular","Perfume","35,00 €","Women","Aldehydes, Bergamot, Mandarin Orange, Peach, Spices, Wild Strawberry","Iris, Jasmine, Lily-of-the-Valley, Narcissus, Orris Root, Rose, Violet, Ylang-Ylang","Amber, Benzoin, Musk, Sandalwood, Tonka Bean, Vetiver","https://www.chogangroupspa.com/chogangroup/productDetail/12841","","","Normalized code (suffix / leading zero)"
"133","133W","Enigma - Perfume for Her","Women","Women perfumes inspired by","Prada","Prada Paradoxe","Legacy code / current code found","Confirmed","","Perfume","35,00 €","Women","Bergamot, Neroli, Pear","Jasmine, Moss, Neroli essence","Amber, Ambrofix, Bourbon vanilla, Serenolide, Vanilla","https://www.chogangroupspa.com/chogangroup/productDetail/12871","","","Normalized code (suffix / leading zero)"
"145","145","Perfume for Her with 30% essence","Women","Women perfumes inspired by","Dolce & Gabbana","Devotion","Confirmed","Confirmed","","Perfume","35,00 €","Women","Candied lemon","Orange Blossom, Panna Cotta, Rum","Vanilla","https://www.chogangroupspa.com/chogangroup/productDetail/9243","","","Exact code"
"001","001M","Prestige for Him - Perfume","Men","Men perfumes inspired by","Paco Rabanne","One Million","Legacy code / current code found","Confirmed","Popular","Perfume","35,00 €","Men","Grapefruit, Mandarin Orange, Mint","Cinnamon, Rose, Spices","Amber, Leather, Patchouli, Woody Notes","https://www.chogangroupspa.com/chogangroup/productDetail/11696","","","Normalized code (suffix / leading zero)"
"002","002M","Deep Blue for Him - Perfume","Men","Men perfumes inspired by","Armani","Acqua di Gio","Legacy code / current code found","Confirmed","Popular","Perfume","35,00 €","Men","Bergamot, Jasmine, Lemon, Lime, Mandarin Orange, Neroli, Orange","Calone, Coriander, Cyclamen, Freesia, Hyacinth, Jasmine, Mignonette, Nutmeg, Peach, Rose, Rosemary, Sea Water, Violet","Amber, Cedar, Musk, Oakmoss, Patchouli","https://www.chogangroupspa.com/chogangroup/productDetail/11711","","","Normalized code (suffix / leading zero)"
"003","003M","Fireborn - Perfume for Him","Men","Men perfumes inspired by","Dior","Fahrenheit","Legacy code / current code found","Confirmed","Popular","Perfume","35,00 €","Men","Bergamot, Cedar, Chamomile, Hawthorn, Lavender, Lemon, Mandarin Orange, Nutmeg","Carnation, Cedar, Honeysuckle, Jasmine, Lily-of-the-Valley, Nutmeg, Sandalwood, Violet Leaf","Amber, Leather, Musk, Patchouli, Tonka Bean, Vetiver","https://www.chogangroupspa.com/chogangroup/productDetail/11726","","","Normalized code (suffix / leading zero)"
"004","004","Perfume for Him with 30% essence","Men","Men perfumes inspired by","Dolce & Gabbana","The One","Confirmed","Confirmed","","Perfume","35,00 €","Men","Basil, Coriander, Grapefruit","Cardamom, Ginger, Orange Blossom","Amber, Cedar, Tobacco Blossom","https://www.chogangroupspa.com/chogangroup/productDetail/8902","","","Exact code"
"205","","","Men","Men perfumes inspired by","Hugo Boss","Hugo","Confirmed","Confirmed","Popular","Perfume","35,00 €","Men","","","","","","","Legacy entry retained"
"012","012M","Revenant - Perfume for Him","Men","Men perfumes inspired by","Dior","Eau Sauvage","Legacy code / current code found","Confirmed","","Perfume","35,00 €","Men","Basil, Bergamot, Caraway, Fruity Notes, Lemon, Rosemary","Carnation, Coriander, Jasmine, Orris Root, Patchouli, Rose, Sandalwood","Amber, Musk, Oakmoss, Vetiver","https://www.chogangroupspa.com/chogangroup/productDetail/11821","","","Normalized code (suffix / leading zero)"
"015","015","Perfume for Him with 30% essence","Men","Men perfumes inspired by","Laura Biagiotti","Roma Uomo","Confirmed","Confirmed","","Perfume","35,00 €","Men","Basil, Bergamot, Galbanum, Grapefruit","Heliotrope, Jasmine, Juniper, Pine Tree","Benzoin, Cedar, Patchouli, Sandalwood","https://www.chogangroupspa.com/chogangroup/productDetail/9025","","","Exact code"
"016","016M","Sailor - Perfume for Him","Men","Men perfumes inspired by","Jean Paul Gaultier","Le Male","Legacy code / current code found","Confirmed","Popular","Perfume","35,00 €","Men","Artemisia, Bergamot, Cardamom, Lavender, Mint","Caraway, Cinnamon, Orange Blossom","Amber, Cedar, Sandalwood, Tonka Bean, Vanilla","https://www.chogangroupspa.com/chogangroup/productDetail/11851","","","Normalized code (suffix / leading zero)"
"217","152M","To The Edge For Him - Perfume for Him","Men","Men perfumes inspired by","Gucci","Guilty","Needs review","Very likely","152M/To The Edge For Him matches the Guilty Pour Homme note skeleton: lavender/lemon; orange blossom; cedar/patchouli/vanilla.","Perfume","35,00 €","Men","Lavender, Lemon","Orange Blossom","Cedarwood, Patchouli, Vanilla","https://www.chogangroupspa.com/chogangroup/productDetail/11038","152M/To The Edge For Him matches the Guilty Pour Homme note skeleton: lavender/lemon; orange blossom; cedar/patchouli/vanilla.","https://niceonesa.com/en/gucci-guilty-pour-homme-for-men-eau-de-toilette-n7997","Audit mapping"
"018","018M","Revelation - Perfume for Him","Men","Men perfumes inspired by","Cartier","Declaration","Legacy code / current code found","Confirmed","","Perfume","35,00 €","Men","Artemisia, Bergamot, Birch, Bitter Orange, Caraway, Coriander, Mandarin Orange, Neroli","Cardamom, Cinnamon, Ginger, Iris, Jasmine, Juniper, Orris Root, Pepper","Amber, Cedar, Leather, Oakmoss, Tea, Vetiver","https://www.chogangroupspa.com/chogangroup/productDetail/11861","","","Normalized code (suffix / leading zero)"
"020","020M","Obscuro - Perfume for Him","Men","Men perfumes inspired by","Yves Saint Laurent","La Nuit de l'Homme","Legacy code / current code found","Confirmed","Popular","Perfume","35,00 €","Men","Cardamom","Bergamot, Cedar, Lavender","Caraway, Vetiver","https://www.chogangroupspa.com/chogangroup/productDetail/11906","","","Normalized code (suffix / leading zero)"
"021","021M","Aqua Soul for Him - Perfume","Men","Men perfumes inspired by","Dolce & Gabbana","Light Blue","Legacy code / current code found","Confirmed","","Perfume","35,00 €","Men","Bergamot, Grapefruit, Juniper, Mandarin Orange","Brazilian Rosewood, Pepper, Rosemary","Incense, Musk, Oakmoss","https://www.chogangroupspa.com/chogangroup/productDetail/11921","","","Normalized code (suffix / leading zero)"
"022","022M","Elemental - Perfume for Him","Men","Men perfumes inspired by","Hermès","Terre d'Hermes","Legacy code / current code found","Confirmed","","Perfume","35,00 €","Men","Grapefruit, Orange","Flint, Pelargonium, Pepper","Benzoin, Cedar, Patchouli, Vetiver","https://www.chogangroupspa.com/chogangroup/productDetail/11926","","","Normalized code (suffix / leading zero)"
"030","030M","Maverick - Perfume for Him","Men","Men perfumes inspired by","Paco Rabanne","Black XS","Legacy code / current code found","Confirmed","","Perfume","35,00 €","Men","Lemon, Sage","Cardamom, Cinnamon, Praline, Tolu Balsam","Ambergris, Brazilian Rosewood, Patchouli","https://www.chogangroupspa.com/chogangroup/productDetail/12061","","","Normalized code (suffix / leading zero)"
"032","032M","Explosive - Perfume for Him","Men","Men perfumes inspired by","Viktor & Rolf","Spice Bomb","Legacy code / current code found","Confirmed","","Perfume","35,00 €","Men","Bergamot, Elemi, Grapefruit, Pink Pepper","Cinnamon, Pimento, Saffron","Leather, Tobacco Blossom, Vetiver","https://www.chogangroupspa.com/chogangroup/productDetail/12076","","","Normalized code (suffix / leading zero)"
"033","033M","Nightfall - Perfume for Him","Men","Men perfumes inspired by","Armani","Black Code","Legacy code / current code found","Confirmed","Popular","Perfume","35,00 €","Men","Bergamot, Lemon","Guaiac Wood, Olive flower, Star Anise","Leather, Tobacco Blossom, Tonka Bean","https://www.chogangroupspa.com/chogangroup/productDetail/12091","","","Normalized code (suffix / leading zero)"
"037","037","Perfume For Him with 30% essence","Men","Men perfumes inspired by","Bulgari","Man","Confirmed","Confirmed","","Perfume","35,00 €","Men","Bergamot, Lotus, Pear, Violet Leaf","Amber, Cashmir wood, Cypriol Oil or Nagarmotha, Sandalwood, Vetiver, Woody Notes","Benzoin, Honey, Musk, Tonka Bean","https://www.chogangroupspa.com/chogangroup/productDetail/9037","","","Exact code"
"038","038M","Abyss - Perfume for Him","Men","Men perfumes inspired by","Chanel","Bleu","Legacy code / current code found","Confirmed","","Perfume","35,00 €","Men","Grapefruit, Lemon, Mint, Pink Pepper","Ginger, Iso E Super, Jasmine, Nutmeg","Cedar, Incense, Labdanum, Musk, Patchouli, Sandalwood, Vetiver","https://www.chogangroupspa.com/chogangroup/productDetail/12121","","","Normalized code (suffix / leading zero)"
"048","048M","Sublime for Him - Perfume","Men","Men perfumes inspired by","Chanel","Allure Homme","Legacy code / current code found","Confirmed","","Perfume","35,00 €","Men","Bergamot, Ginger, Lavender, Lemon, Mandarin Orange, Peach","Anise, Brazilian Rosewood, Cedarwood, Freesia, Gardenia, Jasmine, Patchouli, Pepper, Rose, Vetiver","Amber, Benzoin, Coconut, Leather, Musk, Oakmoss, Sandalwood, Tonka Bean, Vanilla","https://www.chogangroupspa.com/chogangroup/productDetail/12206","","","Normalized code (suffix / leading zero)"
"250","160M","British Charm For Him - Perfume for Him","Men","Men perfumes inspired by","Burberry","Burberry for Men","Needs review","Very likely","160M/British Charm For Him likely pairs with 159W, but the notes should be checked against Burberry for Men before treating it as confirmed.","Perfume","35,00 €","Men","Bergamot, Lavender, Mint, Thyme","Cedarwood, Geranium, Jasmine, Oakmoss, Sandalwood","Amber, Musk, Vanilla","https://www.chogangroupspa.com/chogangroup/productDetail/10953","160M/British Charm For Him likely pairs with 159W, but the notes should be checked against Burberry for Men before treating it as confirmed.","https://www.google.com/search?q=%22Bergamot%22+%22Lavender%22+%22Mint%22+%22Thyme%22+%22Burberry+Men%22","Audit mapping"
"052","052M","Arabian Mirage - Perfume for Him","Men","Men perfumes inspired by","Cartier","Pasha","Legacy code / current code found","Confirmed","","Perfume","35,00 €","Men","Anise, Caraway, Lavender, Mandarin Orange, Mint","Brazilian Rosewood, Coriander","Labdanum, Oakmoss, Patchouli, Sandalwood","https://www.chogangroupspa.com/chogangroup/productDetail/12256","","","Normalized code (suffix / leading zero)"
"061","061M","Triumph - Perfume for Him","Men","Men perfumes inspired by","Paco Rabanne","Invictus","Legacy code / current code found","Confirmed","Popular","Perfume","35,00 €","Men","Grapefruit, Mandarin Orange, Sea Water","Bay Leaf, Jasmine","Ambergris, Guaiac Wood, Oakmoss, Patchouli","https://www.chogangroupspa.com/chogangroup/productDetail/12346","","","Normalized code (suffix / leading zero)"
"062","062M","Extreme - Perfume for Him","Men","Men perfumes inspired by","Dolce & Gabbana","Intenso","Legacy code / current code found","Confirmed","","Perfume","35,00 €","Men","Basil, English Marigold, Geranium, Lavender, Water","Bran, Clary Sage, Hay, Moepel Accord, Tobacco Blossom","Amber, Cypress, Labdanum, Musk, Sandalwood","https://www.chogangroupspa.com/chogangroup/productDetail/12361","","","Normalized code (suffix / leading zero)"
"265","157M","Aftertouch - Perfume for Him","Men","Men perfumes inspired by","Hugo Boss","The Scent","Needs review","Very likely","157M/Aftertouch has the distinctive The Scent structure: ginger/mandarin/bergamot opening, maninka/lavender heart, leather/woody base.","Perfume","35,00 €","Men","Bergamot, Ginger, Mandarin Orange","Lavender, Maninka","Leather, Woody Notes","https://www.chogangroupspa.com/chogangroup/productDetail/11098","157M/Aftertouch has the distinctive The Scent structure: ginger/mandarin/bergamot opening, maninka/lavender heart, leather/woody base.","https://www.fragrantica.com/perfume/Hugo-Boss/Boss-The-Scent-31445.html","Audit mapping"
"069","069M","Seaside - Perfume for Him","Men","Men perfumes inspired by","Profumum Roma","Acqua di Sale","Legacy code / current code found","Confirmed","","Perfume","35,00 €","Men","Myrtle, Salt","Seaweed","Cedarwood","https://www.chogangroupspa.com/chogangroup/productDetail/12421","","","Normalized code (suffix / leading zero)"
"079","079M","So True - Perfume for Him","Men","Men perfumes inspired by","Yves Saint Laurent","Myslf","Legacy code / current code found","Confirmed","","Perfume","35,00 €","Men","Bergamot","Orange Blossom","Ambrofix, Patchouli","https://www.chogangroupspa.com/chogangroup/productDetail/12506","","","Normalized code (suffix / leading zero)"
"283","","","Men","Men perfumes inspired by","Roberto Cavalli","Uomo","Confirmed","Confirmed","","Perfume","35,00 €","Men","","","","","","","Legacy entry retained"
"084","084M","Indigo - Perfume for Him","Men","Men perfumes inspired by","Versace","Dylan Blue","Legacy code / current code found","Confirmed","","Perfume","35,00 €","Men","Bergamot, Fig Leaf, Grapefruit, Water","Ambroxan, Papyrus, Patchouli, Pepper, Violet Leaf","Incense, Musk, Saffron, Tonka Bean","https://www.chogangroupspa.com/chogangroup/productDetail/12566","","","Normalized code (suffix / leading zero)"
"086","086M","Titan - Perfume for Him","Men","Men perfumes inspired by","Mont Blanc","Legend","Legacy code / current code found","Confirmed","","Perfume","35,00 €","Men","Bergamot, Lavender, Lemon Verbena, Pineapple","Coumarin, Dried Fruits, Geranium, Oakmoss, Red Apple, Rose","Sandalwood, Tonka Bean","https://www.chogangroupspa.com/chogangroup/productDetail/12601","","","Normalized code (suffix / leading zero)"
"087","087M","Wildman - Perfume for Him","Men","Men perfumes inspired by","Azzaro","Wanted","Legacy code / current code found","Confirmed","","Perfume","35,00 €","Men","Ginger, Lavender, Lemon, Mint","Apple, Cardamom, Geranium, Juniper","Amberwood, Tonka Bean, Vetiver","https://www.chogangroupspa.com/chogangroup/productDetail/12616","","","Normalized code (suffix / leading zero)"
"088","088","Perfume for Him with 30% essence","Men","Men perfumes inspired by","Bulgari","Man in Black","Confirmed","Confirmed","","Perfume","35,00 €","Men","Rum, Spices, Tobacco Blossom","Iris, Leather, Tuberose","Benzoin, Guaiac Wood, Tonka Bean","https://www.chogangroupspa.com/chogangroup/productDetail/9081","","","Exact code"
"091","091M","Bond - Perfume for Him","Men","Men perfumes inspired by","Azzaro","Chrome","Legacy code / current code found","Confirmed","","Perfume","35,00 €","Men","Bergamot, Lemon, Neroli, Pineapple, Rosemary","Coriander, Cyclamen, Night Blooming Jasmine, Oakmoss","Brazilian Rosewood, Cardamom, Cedarwood, Musk, Oakmoss, Sandalwood, Tonka Bean","https://www.chogangroupspa.com/chogangroup/productDetail/12671","","","Normalized code (suffix / leading zero)"
"292","","","Men","Men perfumes inspired by","Burberry","Mr. Burberry","Confirmed","Confirmed","","Perfume","35,00 €","Men","","","","","","","Legacy entry retained"
"140","140M","Cupid - Perfume for Him","Men","Men perfumes inspired by","Versace","Eros","Legacy code / current code found","Confirmed","","Perfume","35,00 €","Men","Green Apple, Lemon, Mint","Ambroxan, Geranium, Tonka Bean","Cedar, Oakmoss, Vanilla, Vetiver","https://www.chogangroupspa.com/chogangroup/productDetail/12931","","","Normalized code (suffix / leading zero)"
"246","155U","True Self - Unisex Perfume","Unisex","Unisex perfumes inspired by","Calvin Klein","CK One","Legacy code / current code found","Confirmed","Multiple reseller pages explicitly say 155U is formerly 246, and the note pyramid matches CK One.","Perfume","35,00 €","Unisex","Bergamot, Cardamom, Green Notes, Lemon, Mandarin Orange, Papaya, Pineapple","Freesia, Jasmine, Lily-of-the-Valley, Nutmeg, Orris Root, Rose, Violet","Amber, Cedar, Green Notes, Musk, Oakmoss, Sandalwood, Tea","https://www.chogangroupspa.com/chogangroup/productDetail/10978","Multiple reseller pages explicitly say 155U is formerly 246, and the note pyramid matches CK One.","https://www.marieclaire.co.uk/beauty/ck-one","Audit mapping"
"054","054U","Night Flower - Unisex Perfume","Unisex","Unisex perfumes inspired by","Tom Ford","Black Orchid","Legacy code / current code found","Confirmed","","Perfume","35,00 €","Unisex","Bergamot, Black Currant, Gardenia, Jasmine, Lemon, Mandarin Orange, Truffle, Ylang-Ylang","Fruity Notes, Gardenia, Jasmine, Lotus, Orchid, Spices, Ylang-Ylang","Amber, Dark Chocolate, Incense, Musk, Patchouli, Sandalwood, Vanilla, Vetiver","https://www.chogangroupspa.com/chogangroup/productDetail/12286","","","Normalized code (suffix / leading zero)"
"072","072U","Earth Memory - Unisex Perfume","Unisex","Unisex perfumes inspired by","Reminiscence","Patchouli","Legacy code / current code found","Confirmed","","Perfume","35,00 €","Unisex","Cedar","Patchouli, Sandalwood, Vetiver","Labdanum, Musk, Tolu Balsam, Tonka Bean, Vanilla","https://www.chogangroupspa.com/chogangroup/productDetail/12466","","","Normalized code (suffix / leading zero)"
"100","100","Unisex Perfume with 30% essence","Unisex","Unisex perfumes inspired by","Montale","White Aoud","Confirmed","Confirmed","","Perfume","35,00 €","Unisex","Agarwood (Oud), Cardamom, Rose, Saffron","Jasmine, Patchouli, Sandalwood","Amber, Labdanum, Vanilla, Vetiver","https://www.chogangroupspa.com/chogangroup/productDetail/9091","","","Exact code"
"105","105U","Expresso - Unisex Perfume","Unisex","Unisex perfumes inspired by","Montale","Intense Cafe","Legacy code / current code found","Confirmed","Popular","Perfume","35,00 €","Unisex","Floral Notes","Coffee, Rose","Amber, Musk, Vanilla","https://www.chogangroupspa.com/chogangroup/productDetail/13021","","","Normalized code (suffix / leading zero)"
"093","093","Perfume for Her with 30% essence","Premium","Premium 70 ml women perfumes inspired by","Creed","Aventus for Her","Confirmed","Confirmed","","Premium perfume","57,00 €","Women","Apple, Bergamot, Lemon, Patchouli, Pink Pepper, Violet","Musk, Rose, Sandalwood, Styrax","Amber, Black Currant, Lilac, Peach, Ylang-Ylang","https://www.chogangroupspa.com/chogangroup/productDetail/9017","","","Exact code"
"122","122W","Volare - Perfume for Her","Premium","Premium 70 ml women perfumes inspired by","Yves Saint Laurent","Libre","Legacy code / current code found","Confirmed","","Premium perfume","48,00 €","Women","Black Currant, Lavender, Mandarin Orange, Petitgrain","Jasmine, Lavender, Orange Blossom","Ambergris, Cedar, Musk, Vanilla","https://www.chogangroupspa.com/chogangroup/productDetail/12856","","","Normalized code (suffix / leading zero)"
"131","131W","Chica Mala - Perfume for Her","Premium","Premium 70 ml women perfumes inspired by","Carolina Herrera","Good Girl","Legacy code / current code found","Confirmed","","Premium perfume","48,00 €","Women","Almond, Bergamot, Coffee, Lemon","Iris, Jasmine, Orange Blossom, Rose, Tuberose","Amber, Cacao Pod, Cashmir wood, Cedar, Cinnamon, Musk, Patchouli, Praline, Sandalwood, Tonka Bean, Vanilla","https://www.chogangroupspa.com/chogangroup/productDetail/12886","","","Normalized code (suffix / leading zero)"
"132","132W","My rules - Perfume for Her","Premium","Premium 70 ml women perfumes inspired by","Armani","My Way","Legacy code / current code found","Confirmed","","Premium perfume","45,00 €","Women","Bergamot, Orange Blossom","Jasmine, Tuberose","Cedar, Musk, Vanilla","https://www.chogangroupspa.com/chogangroup/productDetail/12896","","","Normalized code (suffix / leading zero)"
"068","068M","Glory for Him - Perfume for Him","Premium","Premium 70 ml men perfumes inspired by","Creed","Aventus","Legacy code / current code found","Confirmed","Popular","Premium perfume","57,00 €","Men","Apple, Bergamot, Black Currant, Pineapple","Birch, Jasmine, Patchouli, Rose","Ambergris, Musk, Oakmoss, Vanilla","https://www.chogangroupspa.com/chogangroup/productDetail/12406","","","Normalized code (suffix / leading zero)"
"094","094M","Revenant Intense - Perfume for Him","Premium","Premium 70 ml men perfumes inspired by","Dior","Sauvage","Legacy code / current code found","Confirmed","Popular","Premium perfume","48,00 €","Men","Bergamot, Pepper","Elemi, Geranium, Lavender, Patchouli, Pink Pepper, Sichuan Pepper, Vetiver","Ambroxan, Cedar, Labdanum","https://www.chogangroupspa.com/chogangroup/productDetail/12706","","","Normalized code (suffix / leading zero)"
"113","113M","Your Journey - Perfume for Him","Premium","Premium 70 ml men perfumes inspired by","Louis Vuitton","Sur la Route","Legacy code / current code found","Confirmed","","Premium perfume","57,00 €","Men","Bergamot, Citruses, Lemon, Pink Pepper","Cardamom, Grass, Hedione, Nutmeg","Cedarwood, Iso E Super, Leather, Patchouli, Peru Balsam","https://www.chogangroupspa.com/chogangroup/productDetail/13036","","","Normalized code (suffix / leading zero)"
"136","136M","Modern Man - Perfume for Him","Premium","Premium 70 ml men perfumes inspired by","Dior","Dior Homme Intense","Legacy code / current code found","Confirmed","","Premium perfume","45,00 €","Men","Lavender","Ambrette (Musk Mallow), Iris, Pear","Cedarwood, Vetiver","https://www.chogangroupspa.com/chogangroup/productDetail/12916","","","Normalized code (suffix / leading zero)"
"044","044","Unisex Perfume with 30% essence","Premium","Premium 70 ml unisex perfumes inspired by","Creed","Silver Mountain","Confirmed","Confirmed","","Premium perfume","48,00 €","Unisex","Bergamot, Mandarin Orange","Black Currant, Tea","Galbanum, Musk, Petitgrain, Sandalwood","https://www.chogangroupspa.com/chogangroup/productDetail/9041","","","Exact code"
"073","073","Unisex Perfume with 30% essence","Premium","Premium 70 ml unisex perfumes inspired by","Creed","Himalaya","Confirmed","Confirmed","","Premium perfume","48,00 €","Unisex","Bergamot, Grapefruit, Lemon","Sandalwood","Ambergris, Cedarwood, Musk","https://www.chogangroupspa.com/chogangroup/productDetail/9065","","","Exact code"
"099","099U","Orange Sun - Unisex Perfume","Premium","Premium 70 ml unisex perfumes inspired by","Tom Ford","Mandarino di Amalfi","Legacy code / current code found","Confirmed","","Premium perfume","45,00 €","Unisex","Basil, Black Currant, Grapefruit, Lemon, Mint, Tarragon","Clary Sage, Coriander, Jasmine, Orange Blossom, Pepper, Shiso","Amber, Civet, Labdanum, Musk, Vetiver","https://www.chogangroupspa.com/chogangroup/productDetail/12766","","","Normalized code (suffix / leading zero)"
"110","110U","Mystic Spell - Unisex Perfume","Premium","Premium 70 ml unisex perfumes inspired by","Tiziana Terenzi","Kirke","Legacy code / current code found","Confirmed","","Premium perfume","48,00 €","Unisex","Black Currant, Passionfruit, Peach, Pear, Raspberry, Sand","Lily-of-the-Valley","Heliotrope, Musk, Patchouli, Sandalwood, Vanilla","https://www.chogangroupspa.com/chogangroup/productDetail/13296","","","Normalized code (suffix / leading zero)"
"114","114U","Desert Whisper - Unisex Perfume","Premium","Premium 70 ml unisex perfumes inspired by","Louis Vuitton","Ombre Nomade","Legacy code / current code found","Confirmed","","Premium perfume","48,00 €","Unisex","Bergamot, Lemon, Raspberry","Cinnamon, Geranium, Jasmine, Rose, Saffron","Agarwood (Oud), Amber, Cypriol Oil or Nagarmotha, Musk, Sandalwood, Skin, Vanilla","https://www.chogangroupspa.com/chogangroup/productDetail/13046","","","Normalized code (suffix / leading zero)"
"135","135","Unisex Perfume with 30% essence","Premium","Premium 70 ml unisex perfumes inspired by","Dior","Bois d'Argent","Confirmed","Confirmed","","Premium perfume","57,00 €","Unisex","Cypress, Iris, Juniper Berries","Myrrh, Patchouli","Amber, Honey, Leather, Musk, Resins, Vanilla, Woody Notes","https://www.chogangroupspa.com/chogangroup/productDetail/9113","","","Exact code"
"142","142","Unisex Perfume with 30% essence","Premium","Premium 70 ml unisex perfumes inspired by","Tom Ford","Ombre Leather","Confirmed","Confirmed","","Premium perfume","57,00 €","Unisex","Cardamom","Jasmine, Leather","Amber, Moss, Patchouli","https://www.chogangroupspa.com/chogangroup/productDetail/8888","","","Exact code"
"045","045B","Baby Boy - Eau de Parfum for Boys","Kids","Kids perfumes","","","Original / no dupe","Original / no dupe","","Kids perfume","29,00 €","Kids","","","","https://www.chogangroupspa.com/chogangroup/productDetail/13236","","","Normalized code (suffix / leading zero)"
"058","058B","Baby Girl - Eau de Parfum for Girls","Kids","Kids perfumes","","","Original / no dupe","Original / no dupe","","Kids perfume","29,00 €","Kids","","","","https://www.chogangroupspa.com/chogangroup/productDetail/13251","","","Normalized code (suffix / leading zero)"
"059","059B","Baby Joy - Eau de Parfum for Babies","Kids","Kids perfumes","","","Original / no dupe","Original / no dupe","","Kids perfume","29,00 €","Kids","","","","https://www.chogangroupspa.com/chogangroup/productDetail/13256","","","Normalized code (suffix / leading zero)"
"109","109W","Pure Gold Intense - Luxury Perfume For Her","Luxury","Luxury 50 ml women perfumes inspired by","Dior","J'adore L'Or","Legacy code / current code found","Confirmed","","Luxury perfume","52,00 €","Women","Jasmine, Rose","Tonka Bean, Vanilla","Amber, Labdanum, Patchouli","https://www.chogangroupspa.com/chogangroup/productDetail/13321","","","Normalized code (suffix / leading zero)"
"123","123W","Sweet Rebel - Luxury Perfume For Her","Luxury","Luxury 50 ml women perfumes inspired by","Kilian","Good Girl Gone Bad","Legacy code / current code found","Confirmed","","Luxury perfume","52,00 €","Women","Jasmine, Osmanthus, Rose","Narcissus, Tuberose","Amber, Cedar","https://www.chogangroupspa.com/chogangroup/productDetail/13146","","","Normalized code (suffix / leading zero)"
"074","74M","Essence Noire - Luxury Perfume For Him","Luxury","Luxury 50 ml men perfumes inspired by","Nasomatto","Black Afgano","Legacy code / current code found","Confirmed","","Luxury perfume","52,00 €","Men","Cannabis, Green Notes","Coffee, Resins, Tobacco Blossom, Woody Notes","Agarwood (Oud), Incense","https://www.chogangroupspa.com/chogangroup/productDetail/12946","","","Normalized code (suffix / leading zero)"
"075","75","Luxury Perfume for Him with 30% essence","Luxury","Luxury 50 ml men perfumes inspired by","Clive Christian","X for Men","Legacy code / current code found","Confirmed","","Luxury perfume","52,00 €","Men","Bergamot, Pineapple, Rhubarb","Iris, Jasmine, Pimento","Amber, Cedar, Cinnamon, Labdanum, Oakmoss, Styrax, Vanilla, Vetiver","https://www.chogangroupspa.com/chogangroup/productDetail/1792","","","Normalized code (suffix / leading zero)"
"101","101U","Soft Caress - Unisex Luxury Perfume","Luxury","Luxury 50 ml unisex perfumes inspired by","Dolce & Gabbana","Velvet Amber Skin","Legacy code / current code found","Confirmed","","Luxury perfume","52,00 €","Unisex","Bergamot, Citruses, Lavender, Silk Tree Blossom","Iris, Jasmine, Labdanum, Leather, Resins, Rose","Amberwood, Cinnamon, Cloves, Honey, Myrrh, Opoponax, Tolu Balsam, Vanilla","https://www.chogangroupspa.com/chogangroup/productDetail/12981","","","Normalized code (suffix / leading zero)"
"102","102","Unisex Luxury Perfume with 30% essence","Luxury","Luxury 50 ml unisex perfumes inspired by","Dolce & Gabbana","Velvet Amber Sun","Confirmed","Confirmed","","Luxury perfume","52,00 €","Unisex","Bergamot, Labdanum, Vanilla, Ylang-Ylang","Coriander, Pepper, Sandalwood, Smoke","Agarwood (Oud), Amberwood, Benzoin, Cinnamon, Myrrh, Olibanum (Frankincense), Opoponax, Patchouli, Tonka Bean","https://www.chogangroupspa.com/chogangroup/productDetail/3644","","","Exact code"
"106","106","Unisex Luxury Perfume with 30% essence","Luxury","Luxury 50 ml unisex perfumes inspired by","Tom Ford","Fucking Fabulous","Confirmed","Confirmed","","Luxury perfume","52,00 €","Unisex","Clary Sage, Lavender","Almond, Iris, Leather, Vanilla","Amber, Cashmeran, Leather, Tonka Bean, Woody Notes","https://www.chogangroupspa.com/chogangroup/productDetail/3696","","","Exact code"
"111","111U","Ruby Love - Unisex Luxury Perfume","Luxury","Luxury 50 ml unisex perfumes inspired by","Tom Ford","Lost Cherry","Legacy code / current code found","Confirmed","Popular","Luxury perfume","52,00 €","Unisex","Almond, Black Cherry, Liquor","Jasmine, Plum, Rose, Sour Cherry","Benzoin, Cedarwood, Cinnamon, Cloves, Patchouli, Sandalwood, Tonka Bean, Vanilla, Vetiver","https://www.chogangroupspa.com/chogangroup/productDetail/13001","","","Normalized code (suffix / leading zero)"
"112","112","Unisex Luxury Perfume with 30% essence","Luxury","Luxury 50 ml unisex perfumes inspired by","Tom Ford","Neroli Portofino","Confirmed","Confirmed","","Luxury perfume","52,00 €","Unisex","Bergamot, Bitter Orange, Lavender, Lemon, Mandarin Orange, Myrtle, Rosemary","Jasmine, Neroli, Orange Blossom, Pittosporum","Amber, Ambrette (Musk Mallow), Angelica","https://www.chogangroupspa.com/chogangroup/productDetail/4415","","","Exact code"
"117","117U","Velvet Smoke - Unisex Luxury Perfume","Luxury","Luxury 50 ml unisex perfumes inspired by","Tom Ford","Tobacco Vanille","Legacy code / current code found","Confirmed","","Luxury perfume","52,00 €","Unisex","Spices, Tobacco Blossom","Cacao Pod, Tonka Bean, Vanilla","Dried Fruits, Woody Notes","https://www.chogangroupspa.com/chogangroup/productDetail/13066","","","Normalized code (suffix / leading zero)"
"118","118U","Scarlet Fire - Unisex Luxury Perfume","Luxury","Luxury 50 ml unisex perfumes inspired by","Maison Francis Kurkdjian","Baccarat Rouge 540","Legacy code / current code found","Confirmed","Popular","Luxury perfume","52,00 €","Unisex","Jasmine, Saffron","Ambergris, Amberwood","Ambroxan, Cedarwood, Fir, Oakmoss","https://www.chogangroupspa.com/chogangroup/productDetail/13076","","","Normalized code (suffix / leading zero)"
"124","124U","Everlasting - Unisex Luxury Perfume","Luxury","Luxury 50 ml unisex perfumes inspired by","Morph","Zeta","Legacy code / current code found","Confirmed","","Luxury perfume","52,00 €","Unisex","Cacao Pod","Ambergris","Almond","https://www.chogangroupspa.com/chogangroup/productDetail/13086","","","Normalized code (suffix / leading zero)"
"125","125U","Mediterraneo - Unisex Luxury Perfume","Luxury","Luxury 50 ml unisex perfumes inspired by","Tom Ford","Sole di Positano Acqua","Legacy code / current code found","Confirmed","","Luxury perfume","52,00 €","Unisex","Mandarin Orange, Petitgrain","Jasmine, Lily-of-the-Valley, Orange Blossom, Shiso, Ylang-Ylang","Musk, Oakmoss, Sandalwood","https://www.chogangroupspa.com/chogangroup/productDetail/13091","","","Normalized code (suffix / leading zero)"
"126","126U","Lumière Dorée - Unisex Luxury Perfume","Luxury","Luxury 50 ml unisex perfumes inspired by","Tom Ford","Soleil Blanc","Legacy code / current code found","Confirmed","","Luxury perfume","52,00 €","Unisex","Bergamot, Cardamom, Pink Pepper, Pistachio","Jasmine, Tuberose, Ylang-Ylang","Amber, Benzoin, Coconut, Tonka Bean","https://www.chogangroupspa.com/chogangroup/productDetail/13286","","","Normalized code (suffix / leading zero)"
"127","127U","Agar Forest - Unisex Luxury Perfume","Luxury","Luxury 50 ml unisex perfumes inspired by","Tom Ford","Oud Wood","Legacy code / current code found","Confirmed","","Luxury perfume","52,00 €","Unisex","Cardamom, Sichuan Pepper","Agarwood (Oud), Brazilian Rosewood, Sandalwood, Vetiver","Amber, Tonka Bean, Vanilla","https://www.chogangroupspa.com/chogangroup/productDetail/13106","","","Normalized code (suffix / leading zero)"
"128","128U","Sugar Poison - Unisex Luxury Perfume","Luxury","Luxury 50 ml unisex perfumes inspired by","Tom Ford","Vanille Fatale","Legacy code / current code found","Confirmed","","Luxury perfume","52,00 €","Unisex","Coriander, Lime, Myrrh, Olibanum (Frankincense), Orange, Rum, Saffron","Artemisia, Barley, Coffee, Frangipani, Narcissus, Plum, Rose","Mahogany, Oakmoss, Patchouli, Suede, Tobacco Blossom, Vanilla, Violet","https://www.chogangroupspa.com/chogangroup/productDetail/13121","","","Normalized code (suffix / leading zero)"
"129","129U","Chlorophyll - Unisex Luxury Perfume","Luxury","Luxury 50 ml unisex perfumes inspired by","Xerjoff","Erba Pura","Legacy code / current code found","Confirmed","Popular","Luxury perfume","52,00 €","Unisex","Bergamot, Lemon, Orange","Fruity Notes","Amber, Musk, Vanilla","https://www.chogangroupspa.com/chogangroup/productDetail/13331","","","Normalized code (suffix / leading zero)"
"130","130U","Oceanic Pulse - Unisex Luxury Perfume","Luxury","Luxury 50 ml unisex perfumes inspired by","Orto Parisi","Megamare","Legacy code / current code found","Confirmed","Popular","Luxury perfume","65,00 €","Unisex","Bergamot, Lemon, Sea Water","Rose, Saffron","Amber, Cypriol Oil or Nagarmotha, Musk, Patchouli, Sandalwood","https://www.chogangroupspa.com/chogangroup/productDetail/13111","","","Normalized code (suffix / leading zero)"
"134","134","Unisex Luxury Perfume with 30% essence","Luxury","Luxury 50 ml unisex perfumes inspired by","Tom Ford","Bitter Peach","Confirmed","Confirmed","Popular","Luxury perfume","52,00 €","Unisex","Blood Orange, Cardamom, Heliotrope, Peach","Cognac, Davana, Jasmine, Rum","Benzoin, Cashmeran, Labdanum, Patchouli, Sandalwood, Styrax, Tonka Bean, Vanilla, Vetiver","https://www.chogangroupspa.com/chogangroup/productDetail/7435","","","Exact code"
"137","137U","Sicilian Garden - Unisex Luxury Perfume","Luxury","Luxury 50 ml unisex perfumes inspired by","Xerjoff","XJ 1861 Naxos","Legacy code / current code found","Confirmed","","Luxury perfume","52,00 €","Unisex","Bergamot, Lavender, Lemon","Cashmeran, Cinnamon, Honey, Jasmine","Tobacco Blossom, Tonka Bean, Vanilla","https://www.chogangroupspa.com/chogangroup/productDetail/13141","","","Normalized code (suffix / leading zero)"
"138","138","Unisex Luxury Perfume with 30% essence","Luxury","Luxury 50 ml unisex perfumes inspired by","Ojar","Wood Whisper","Confirmed","Confirmed","","Luxury perfume","52,00 €","Unisex","Plum, Violet","Cashmir wood, Sandalwood, White Amber","Ambergris, Musk, Vanilla","https://www.chogangroupspa.com/chogangroup/productDetail/7676","","","Exact code"
"139","139","Unisex Luxury Perfume with 30% essence","Luxury","Luxury 50 ml unisex perfumes inspired by","Louis Vuitton","Les Sables Roses","Confirmed","Confirmed","","Luxury perfume","65,00 €","Unisex","Pepper, Rose, Saffron","Bulgarian Rose","Agarwood (Oud), Ambergris","https://www.chogangroupspa.com/chogangroup/productDetail/7965","","","Exact code"
"141","141U","Sands of Time - Unisex Luxury Perfume","Luxury","Luxury 50 ml unisex perfumes inspired by","The Spirit of Dubai","Turath","Legacy code / current code found","Confirmed","","Luxury perfume","65,00 €","Unisex","Apple, Bergamot, Black Currant, Candied Fruits, Cardamom, Cinnamon, Coconut, Coffee, Cumin, Damask Rose, Dried Fruits, Peach, Pepper, Pineapple, Pink Pepper, Spicy notes, Strawberry, Sweet Orange","Agarwood (Oud), Amyris, Cedarwood, Coriander, Cypriol Oil or Nagarmotha, Iris, Jasmine, Lily-of-the-Valley, Rose, Saffron, Sandalwood, Violet","Amber, Ambergris, Civet, Guaiac Wood, Incense, Labdanum, Leather, Moss, Oakmoss, Patchouli, Peru Balsam, Sandalwood, Smoke, Tolu Balsam, Vanilla, Vetiver, White Musk","https://www.chogangroupspa.com/chogangroup/productDetail/13196","","","Normalized code (suffix / leading zero)"
"143","143U","Sweet Dust - Unisex Luxury Perfume","Luxury","Luxury 50 ml unisex perfumes inspired by","Matiere Premiere","Vanilla Powder","Legacy code / current code found","Confirmed","","Luxury perfume","52,00 €","Unisex","Coconut powder, Heliotrope","Vanilla","Coconut, Lactones, Musk, Palo Santo, Vanilla absolute, White Musk","https://www.chogangroupspa.com/chogangroup/productDetail/13176","","","Normalized code (suffix / leading zero)"
"144","144U","Creamy Dream - Unisex Luxury Perfume","Luxury","Luxury 50 ml unisex perfumes inspired by","Giardini di Toscana","Bianco Latte","Legacy code / current code found","Confirmed","","Luxury perfume","52,00 €","Unisex","Caramel","Coumarin, Honey","Vanilla, White Musk","https://www.chogangroupspa.com/chogangroup/productDetail/13181","","","Normalized code (suffix / leading zero)"
"GEL-1","","Perfumed Shower Gel","Body Care","Body care products","","","Original / no dupe","Original / no dupe","250 ml","Body care","15.90 EUR","Body Care","","","","","","","Legacy entry retained"
"GEL-2","","Perfumed Shower Gel Plus","Body Care","Body care products","","","Original / no dupe","Original / no dupe","250 ml","Body care","18.90 EUR","Body Care","","","","","","","Legacy entry retained"
"GEL-3","","Perfumed Shower Gel Luxury","Body Care","Body care products","","","Original / no dupe","Original / no dupe","250 ml","Body care","24.90 EUR","Body Care","","","","","","","Legacy entry retained"
"CRM","","Perfumed Body Cream","Body Care","Body care products","","","Original / no dupe","Original / no dupe","150 ml","Body care","17.90 EUR","Body Care","","","","","","","Legacy entry retained"
"OIL","","Perfumed Sweet Almond Oil","Body Care","Body care products","","","Original / no dupe","Original / no dupe","100 ml","Body care","23.90 EUR","Body Care","","","","","","","Legacy entry retained"
"","031","Perfume for Him with 30% essence","New","New / Unverified","Bvlgari","BLV Pour Homme","New / Unverified","Very likely","Exact note structure: cardamom+sandalwood; ginger+juniper+galanga; tobacco blossom+green notes+teak wood.","Perfume","35,00 €","Men","Cardamom, Sandalwood","Galanga, Ginger, Juniper","Green Notes, Teak Wood, Tobacco Blossom","https://www.chogangroupspa.com/chogangroup/productDetail/9033","Exact note structure: cardamom+sandalwood; ginger+juniper+galanga; tobacco blossom+green notes+teak wood.","https://www.brivane.com/products/bvlgari-blv-pour-homme","New unverified import"
"","060","Perfume for Him with 30% essence","New","New / Unverified","Giorgio Armani","Acqua di Giò Profumo / Profondo family","New / Unverified","Possible","Aquatic salty citrus-iris/marine-musk woody profile; not enough exact overlap for a confident 1:1 reference.","Perfume","48,00 €","Men","Fruity Notes, Salt","Bergamot, Iris, Lemon, Mandarin Orange","Musk, Sea Water, Woody Notes","https://www.chogangroupspa.com/chogangroup/productDetail/9049","Aquatic salty citrus-iris/marine-musk woody profile; not enough exact overlap for a confident 1:1 reference.","","New unverified import"
"","066","Perfume for Him with 30% essence","New","New / Unverified","Costume National","Scent Intense","New / Unverified","Very likely","Exact structure: tea/cinnamon/apple/bergamot; hibiscus/jasmine/davana; amber/leather/olibanum/patchouli/sandalwood.","Perfume","35,00 €","Men","Apple, Bergamot, Cinnamon, Tea","Davana, Hibiscus, Jasmine","Amber, Leather, Olibanum (Frankincense), Patchouli, Sandalwood","https://www.chogangroupspa.com/chogangroup/productDetail/9055","Exact structure: tea/cinnamon/apple/bergamot; hibiscus/jasmine/davana; amber/leather/olibanum/patchouli/sandalwood.","https://goldapple.ae/19000191691-scent-intense","New unverified import"
"","078","Perfume for Him with 30% essence","New","New / Unverified","Versace","Eros Eau de Toilette","New / Unverified","Probable","Strong Eros-style overlap in mint/vanilla/vetiver/oakmoss with amber-spicy facets, but missing some characteristic listed top notes from Eros.","Perfume","35,00 €","Men","Amber, Mint","Pepper, Spices, Vetiver","Oakmoss, Vanilla","https://www.chogangroupspa.com/chogangroup/productDetail/9069","Strong Eros-style overlap in mint/vanilla/vetiver/oakmoss with amber-spicy facets, but missing some characteristic listed top notes from Eros.","https://www.google.com/search?q=%22Versace+Eros%22+mint+vanilla+vetiver+oakmoss","New unverified import"
"","108","Perfume for Him with 30% essence","New","New / Unverified","Creed","Green Irish Tweed","New / Unverified","Very likely","Exact structure: iris+lemon verbena; violet leaf; ambergris+sandalwood.","Perfume","48,00 €","Men","Iris, Lemon Verbena","Violet Leaf","Ambergris, Sandalwood","https://www.chogangroupspa.com/chogangroup/productDetail/8892","Exact structure: iris+lemon verbena; violet leaf; ambergris+sandalwood.","https://www.fragrantica.com/perfume/Creed/Green-Irish-Tweed-474.html","New unverified import"
"","146U","Scarlet Flame - Unisex Luxury Perfume","New","New / Unverified","Balmain Beauty","Rouge","New / Unverified","Very likely","Exact/same unusual note set: georgywood, iris, lily, magnolia, osmanthus and ylang-ylang.","Perfume","52,00 €","Unisex","","Georgywood, Iris, Lily, Magnolia, Osmanthus, Ylang-Ylang","","https://www.chogangroupspa.com/chogangroup/productDetail/13266","Exact/same unusual note set: georgywood, iris, lily, magnolia, osmanthus and ylang-ylang.","https://www.fragrantica.com/perfume/Balmain-Beauty/Rouge-96731.html","New unverified import"
"","147M","Dark Nectar - Perfume for Him","New","New / Unverified","Hugo Boss","Bottled Absolu","New / Unverified","Very likely","Exact note structure: incense + leather / myrrh + patchouli / cedarwood + davana.","Perfume","35,00 €","Men","Incense, Leather","Myrrh, Patchouli","Cedarwood, Davana","https://www.chogangroupspa.com/chogangroup/productDetail/11278","Exact note structure: incense + leather / myrrh + patchouli / cedarwood + davana.","https://www.fragrantica.com/perfume/Hugo-Boss/Bottled-Absolu-96246.html","New unverified import"
"","148W","Divine Aura - Perfume for Her","New","New / Unverified","Burberry","Goddess","New / Unverified","Very likely","Exact note structure: vanilla, lavender, cacao and ginger / vanilla caviar / vanilla absolute.","Perfume","35,00 €","Women","Cacao, Ginger, Lavender, Vanilla","Vanilla Caviar","Vanilla absolute","https://www.chogangroupspa.com/chogangroup/productDetail/11293","Exact note structure: vanilla, lavender, cacao and ginger / vanilla caviar / vanilla absolute.","https://www.fragrantica.com/perfume/Burberry/Goddess-83483.html","New unverified import"
"","150M","Unbending Man - Perfume for Him","New","New / Unverified","Hugo Boss","Hugo Man","New / Unverified","Very likely","Exact note match appears in online note listings: green apple, lavender, mint, grapefruit and basil opening; sage/geranium/carnation/jasmine heart; fir/cedar/patchouli base.","Perfume","35,00 €","Men","Apple, Basil, Grapefruit, Lavender, Mint","Carnation, Geranium, Jasmine, Sage","Cedarwood, Fir, Patchouli","https://www.chogangroupspa.com/chogangroup/productDetail/11083","Exact note match appears in online note listings: green apple, lavender, mint, grapefruit and basil opening; sage/geranium/carnation/jasmine heart; fir/cedar/patchouli base.","https://www.instagram.com/p/DW24nhZgU_n/","New unverified import"
"","156W","Unbending Woman - Perfume for Her","New","New / Unverified","Hugo Boss","Hugo Woman","New / Unverified","Very likely","Retailer/source labels Millésime N°156 as inspired by Hugo for Her; pyramid matches fruity-floral woody Hugo Woman-style note set.","Perfume","35,00 €","Women","Apple, Black Currant, Cyclamen, Melon, Oakmoss, Papaya, Peach","Jasmine, Lily, Orris Root, Water Hyacinth","Amber, Cedar, Orchid, Resins, Sandalwood, Vanilla","https://www.chogangroupspa.com/chogangroup/productDetail/11068","Retailer/source labels Millésime N°156 as inspired by Hugo for Her; pyramid matches fruity-floral woody Hugo Woman-style note set.","https://essencesignature.fr/en/products/millesime-n-156-inspired-by-hugo-for-her","New unverified import"
"","161W","Eternal Love For Her - Perfume","New","New / Unverified","Valentino","Donna Born In Roma Intense","New / Unverified","Very likely","Exact note structure: amber + bourbon vanilla / jasmine / benzoin.","Perfume","35,00 €","Women","Amber, Bourbon vanilla","Jasmine","Benzoin","https://www.chogangroupspa.com/chogangroup/productDetail/11481","Exact note structure: amber + bourbon vanilla / jasmine / benzoin.","https://www.fragrantica.com/perfume/Valentino/Valentino-Donna-Born-In-Roma-Intense-78739.html","New unverified import"
"","162M","Eternal Love For Him - Perfume","New","New / Unverified","Valentino","Uomo Born In Roma Intense","New / Unverified","Very likely","Exact note structure: vanilla / lavender / vetiver.","Perfume","35,00 €","Men","Vanilla","Lavender","Vetiver","https://www.chogangroupspa.com/chogangroup/productDetail/11466","Exact note structure: vanilla / lavender / vetiver.","https://www.fragrantica.com/perfume/Valentino/Valentino-Uomo-Born-In-Roma-Intense-78740.html","New unverified import"
"","163W","Blooming Skin – Perfume for Her","New","New / Unverified","Miu Miu","Miutine","New / Unverified","Very likely","Distinctive 2025 fruity-gourmand floral DNA: strawberry/gardenia with jasmine/rose and brown sugar/vanilla/patchouli/oakmoss base.","Perfume","45,00 €","","Gardenia, Strawberry","Jasmine, Rose","Amber, Bourbon vanilla, Brown Sugar, Moss, Patchouli","https://www.chogangroupspa.com/chogangroup/productDetail/13686","Distinctive 2025 fruity-gourmand floral DNA: strawberry/gardenia with jasmine/rose and brown sugar/vanilla/patchouli/oakmoss base.","https://www.whowhatwear.com/beauty/fragrance/miu-miu-miutine-perfume-launch","New unverified import"
"","164M","Unfold – Perfume for Him","New","New / Unverified","Prada","Paradigme","New / Unverified","Very likely","Exact note structure found online: bergamot+musk / geranium / benzoin+peru balsam+guaiac wood.","Perfume","45,00 €","Men","Bergamot, Musk","Geranium","Benzoin, Guaiac Wood, Peru Balsam","https://www.chogangroupspa.com/chogangroup/productDetail/13706","Exact note structure found online: bergamot+musk / geranium / benzoin+peru balsam+guaiac wood.","https://www.fragrantica.com/perfume/Prada/Paradigme-110661.html","New unverified import"
"","AFRODITE","AFRODITE - Perfume for Her with 30% essence","New","New / Unverified","","","Original / no dupe","Original / no dupe","Mytologik line is described by Chogan as original and unique creations inspired by mythology, not direct designer dupes.","Perfume","299,00 €","","Black Currant, Cacao Butter, Cherry, Hazelnut Cocoa Spread","Cinnamon, Jasmine, Pink Pepper, Rose, Tuberose","Amber, Musk, Patchouli, Sandalwood, Vanilla","https://www.chogangroupspa.com/chogangroup/productDetail/9963","Mytologik line is described by Chogan as original and unique creations inspired by mythology, not direct designer dupes.","https://www.chogangroupspa.com/blog/mytologik-where-myth-takes-shape","New unverified import"
"","APOLLO","APOLLO - Perfume for Him with 30% essence","New","New / Unverified","","","Original / no dupe","Original / no dupe","Mytologik line is described by Chogan as original and unique creations inspired by mythology, not direct designer dupes.","Perfume","299,00 €","Men","Bergamot, Lavender, Orange Blossom, Pineapple","Benzoin, Freesia, Jasmine, Myrrh, Olibanum (Frankincense), Tobacco Blossom","Amber, Cedarwood, Cypriol Oil or Nagarmotha, Musk, Patchouli, Praline, Vanilla, White Tobacco","https://www.chogangroupspa.com/chogangroup/productDetail/9923","Mytologik line is described by Chogan as original and unique creations inspired by mythology, not direct designer dupes.","https://www.chogangroupspa.com/blog/mytologik-where-myth-takes-shape","New unverified import"
"","ARES","ARES - Unisex Perfume with 30% essence","New","New / Unverified","","","Original / no dupe","Original / no dupe","Mytologik line is described by Chogan as original and unique creations inspired by mythology, not direct designer dupes.","Perfume","299,00 €","Unisex","Bergamot, Orange, Pepper","Blood, Jasmine, Orange Blossom, Ylang-Ylang","Amber, Cedarwood, Musk, Skin, Vanilla","https://www.chogangroupspa.com/chogangroup/productDetail/9903","Mytologik line is described by Chogan as original and unique creations inspired by mythology, not direct designer dupes.","https://www.chogangroupspa.com/blog/mytologik-where-myth-takes-shape","New unverified import"
"","ARTEMIDE","ARTEMIDE - Perfume for Her with 30% essence","New","New / Unverified","","","Original / no dupe","Original / no dupe","Mytologik line is described by Chogan as original and unique creations inspired by mythology, not direct designer dupes.","Perfume","299,00 €","","Herbal Notes, Mandarin Orange","Cloves, Jasmine, Suede","Amber, Birch, Cedarwood, Guaiac Wood, Oakmoss, Patchouli","https://www.chogangroupspa.com/chogangroup/productDetail/9953","Mytologik line is described by Chogan as original and unique creations inspired by mythology, not direct designer dupes.","https://www.chogangroupspa.com/blog/mytologik-where-myth-takes-shape","New unverified import"
"","ASTRAL24","Astral24 - Luxury Perfume for Her with 30% Essence","New","New / Unverified","Unknown","Unknown","Unknown","Unknown","Limited/new Chogan item; note pyramid suggests sparkling peach/champagne floral musk but I found no reliable reference mapping.","Perfume","60,00 €","Women","Bergamot, Champagne, Lemon","Jasmine, Neroli, Osmanthus, Peach, Peach Blossom, Peony","Amber, White Musk, Woody Notes","https://www.chogangroupspa.com/chogangroup/productDetail/8656","Limited/new Chogan item; note pyramid suggests sparkling peach/champagne floral musk but I found no reliable reference mapping.","","New unverified import"
"","ERMES","ERMES - Profumo Uomo Essenza 30%","New","New / Unverified","","","Original / no dupe","Original / no dupe","Mytologik line is described by Chogan as original and unique creations inspired by mythology, not direct designer dupes.","Perfume","299,00 €","Men","Bergamot, Lemon, Papaya","Cardamom, Carnation, Cinnamon, Truffle, Walnut","Amber, Cedarwood, Musk, Tonka Bean, Vetiver","https://www.chogangroupspa.com/chogangroup/productDetail/9913","Mytologik line is described by Chogan as original and unique creations inspired by mythology, not direct designer dupes.","https://www.chogangroupspa.com/blog/mytologik-where-myth-takes-shape","New unverified import"
"","EVENT23M","Mystère - Luxury Perfume For Him With 30%Essence","New","New / Unverified","Unknown","Unknown","Unknown","Unknown","Event limited item with broad aquatic-aromatic fruity note stack; no reliable reference mapping found.","Perfume","60,00 €","Men","Bergamot, Ginger, Lavender, Lemon, Mint, Orange, Pear, Sea Water","Apple, Cardamom, Geranium, Ginger, Juniper, Lavender, Melon, Peach","Amber, Cedar, Musk, Tonka Bean, Vanilla, Vetiver","https://www.chogangroupspa.com/chogangroup/productDetail/7905","Event limited item with broad aquatic-aromatic fruity note stack; no reliable reference mapping found.","","New unverified import"
"","EVENT23W","Séduction - Luxury Perfume For Her with 30% essence","New","New / Unverified","Tiziana Terenzi","Kirke","New / Unverified","Possible","Fruit/sand/lily/heliotrope/musk/vanilla profile is Kirke-like and overlaps Chogan 110U, but EVENT23W has extra gourmand/amber facets.","Perfume","60,00 €","Women","Passionfruit, Peach, Pink Pepper, Plum, Raspberry, Violet","Cashmir wood, Heliotrope, Lily-of-the-Valley, Peach, Rose, Sandalwood, White Amber","Amber, Ambergris, Benzoin, Gourmand Accord, Musk, Vanilla","https://www.chogangroupspa.com/chogangroup/productDetail/7907","Fruit/sand/lily/heliotrope/musk/vanilla profile is Kirke-like and overlaps Chogan 110U, but EVENT23W has extra gourmand/amber facets.","https://www.fragrantica.com/perfume/Tiziana-Terenzi/Kirke-32172.html","New unverified import"
"","IMPERATRIX","Imperatrix - Luxury Perfume for Her with 30% essence","New","New / Unverified","Chogan / 10 Years Edition","Original or special edition","Unknown","Unknown","Looks like Chogan/Olfazeta anniversary/special line; no reliable 1:1 reference mapping found.","Perfume","60,00 €","","Black Currant, Blackberry, Lemon, Orange","Caramel, Coconut, Jasmine, Lily-of-the-Valley, Milk, Rose, Violet","Amber, Musk, Tonka Bean, Vanilla","https://www.chogangroupspa.com/chogangroup/productDetail/9858","Looks like Chogan/Olfazeta anniversary/special line; no reliable 1:1 reference mapping found.","https://olfazeta.nl/en/products/imperatrix-10-years-edition","New unverified import"
"","LOVE22","Scented Love - Extrait de Parfum for Her","New","New / Unverified","Lolita Lempicka","Lolita Lempicka Eau de Parfum","New / Unverified","Probable","Anise/licorice/cherry/almond/tonka/vanilla/rose profile is strongly Lolita Lempicka-like, but not exact enough for confirmed.","Perfume","19,90 €","","Almond, Bergamot, Cherry, Star Anise","Bulgarian Rose, Licorice, Peach, Rose","Anise, Cedar, Musk, Tonka Bean, Vanilla","https://www.chogangroupspa.com/chogangroup/productDetail/6961","Anise/licorice/cherry/almond/tonka/vanilla/rose profile is strongly Lolita Lempicka-like, but not exact enough for confirmed.","https://www.google.com/search?q=%22Lolita+Lempicka%22+anise+licorice+cherry+almond+tonka+vanilla","New unverified import"
"","LOVE24","Scented Love - Extrait de Parfum for Her","New","New / Unverified","Unknown","Unknown","Unknown","Unknown","Scented Love limited edition; sweet amber floral gourmand but no responsible 1:1 reference found.","Perfume","24,90 €","","Bergamot, Mandarin Orange, Osmanthus, Raspberry","Ginger, Jasmine, Rose, Tuberose","Amber, Caramel, Cedar, Licorice, Patchouli, Sandalwood, Vanilla","https://www.chogangroupspa.com/chogangroup/productDetail/7551","Scented Love limited edition; sweet amber floral gourmand but no responsible 1:1 reference found.","","New unverified import"
"","LOVE25","Scented Love - Extrait de Parfum for Her","New","New / Unverified","Dior","Hypnotic Poison","New / Unverified","Very likely","Nearly the same as classic Hypnotic Poison-style pyramid: coconut/plum/apricot opening, white floral heart, almond/vanilla/sandalwood/musk base. Existing code 023 already maps to Hypnotic Poison.","Perfume","24,90 €","","Apricot, Bitter Orange, Coconut, Lemon, Plum","Jasmine, Lily-of-the-Valley, Orange Blossom, Rose, Tuberose","Almond, Musk, Sandalwood, Tonka Bean, Vanilla","https://www.chogangroupspa.com/chogangroup/productDetail/7562","Nearly the same as classic Hypnotic Poison-style pyramid: coconut/plum/apricot opening, white floral heart, almond/vanilla/sandalwood/musk base. Existing code 023 already maps to Hypnotic Poison.","https://www.google.com/search?q=%22Hypnotic+Poison%22+coconut+plum+apricot+jasmine+tuberose+almond+vanilla","New unverified import"
"","MEDUSA","MEDUSA - Perfume for Her with 30% essence","New","New / Unverified","","","Original / no dupe","Original / no dupe","Mytologik line is described by Chogan as original and unique creations inspired by mythology, not direct designer dupes.","Perfume","299,00 €","","Lemon, Passionfruit, Salt, Seaweed, Yuzu","Carnation, Lily-of-the-Valley, Lotus, Water Lily","Amber, Musk, Sandalwood, Vetiver","https://www.chogangroupspa.com/chogangroup/productDetail/9943","Mytologik line is described by Chogan as original and unique creations inspired by mythology, not direct designer dupes.","https://www.chogangroupspa.com/blog/mytologik-where-myth-takes-shape","New unverified import"
"","MULTIVERSE","Multiverse - Luxury Perfume for Him with 30% Essence","New","New / Unverified","Unknown","Unknown","Unknown","Unknown","10 Years / limited Chogan luxury line; no reliable external dupe mapping found.","Perfume","60,00 €","Men","Bergamot, Cardamom, Cinnamon","Guaiac Wood, Orange Blossom, Praline, Woody Notes","Amber, Musk, Vanilla","https://www.chogangroupspa.com/chogangroup/productDetail/8654","10 Years / limited Chogan luxury line; no reliable external dupe mapping found.","","New unverified import"
"","MY003","Perfume for Her with 30% essence","New","New / Unverified","Unknown","Unknown","Unknown","Unknown","Appears to be an expensive/bulk product or special entry and has no scraped pyramid; exclude from dupe matching until clarified.","Perfume","1.794,00 €","","","","","https://www.chogangroupspa.com/chogangroup/productDetail/10943","Appears to be an expensive/bulk product or special entry and has no scraped pyramid; exclude from dupe matching until clarified.","","New unverified import"
"","NADIR","Nadir- Luxury Perfume for Him with 30% essence","New","New / Unverified","Chogan / 10 Years Edition","Original or special edition","Unknown","Unknown","Looks like Chogan/Olfazeta anniversary/special line; no reliable 1:1 reference mapping found.","Perfume","60,00 €","Men","Bergamot, Coriander","Jasmine, Orange Blossom","Amber, Tonka Bean, Vanilla","https://www.chogangroupspa.com/chogangroup/productDetail/9843","Looks like Chogan/Olfazeta anniversary/special line; no reliable 1:1 reference mapping found.","","New unverified import"
"","ZEUS","ZEUS - Perfume for Him with 30% essence","New","New / Unverified","","","Original / no dupe","Original / no dupe","Mytologik line is described by Chogan as original and unique creations inspired by mythology, not direct designer dupes.","Perfume","299,00 €","Men","Cardamom, Cinnamon, Eucalyptus, Lemon, Orange, Rum","Geranium, Tobacco Blossom, Violet Leaf, Water","Patchouli, Vanilla","https://www.chogangroupspa.com/chogangroup/productDetail/9933","Mytologik line is described by Chogan as original and unique creations inspired by mythology, not direct designer dupes.","https://www.chogangroupspa.com/blog/mytologik-where-myth-takes-shape","New unverified import"
